{"entities":{"pages":{"starter-topic":{"id":"starter-topic","title":"About learn-csharp","url":"starter-topic.html","level":0,"tabIndex":0},"Scope":{"id":"Scope","title":"Escopo","url":"scope.html","level":0,"tabIndex":1},"Namespaces":{"id":"Namespaces","title":"Namespaces","url":"namespaces.html","level":0,"tabIndex":2},"Using":{"id":"Using","title":"A Palavra-Chave using","url":"using.html","level":0,"tabIndex":3},"Variables":{"id":"Variables","title":"Variáveis","url":"variables.html","level":0,"tabIndex":4},"Constants":{"id":"Constants","title":"Constantes","url":"constants.html","level":0,"tabIndex":5},"KeyWords":{"id":"KeyWords","title":"Palavras-Chave (Keywords)","url":"keywords.html","level":0,"tabIndex":6},"Comments":{"id":"Comments","title":"Comentários","url":"comments.html","level":0,"tabIndex":7},"-74jaed_10":{"id":"-74jaed_10","title":"Tipos","level":0,"pages":["System","PrimitiveTypes","Nullable-Types","Alias","Valores-Padroes"],"tabIndex":8},"System":{"id":"System","title":"System","url":"system.html","level":1,"parentId":"-74jaed_10","tabIndex":0},"PrimitiveTypes":{"id":"PrimitiveTypes","title":"Tipos Primitivos (Built-in Types)","url":"primitivetypes.html","level":1,"parentId":"-74jaed_10","pages":["Byte","integers","Real-Numbers","Boolean","Char","String","Var","Object"],"tabIndex":1},"Byte":{"id":"Byte","title":"Byte","url":"byte.html","level":2,"parentId":"PrimitiveTypes","tabIndex":0},"integers":{"id":"integers","title":"Números Inteiros","url":"integers.html","level":2,"parentId":"PrimitiveTypes","tabIndex":1},"Real-Numbers":{"id":"Real-Numbers","title":"Números Reais","url":"real-numbers.html","level":2,"parentId":"PrimitiveTypes","tabIndex":2},"Boolean":{"id":"Boolean","title":"Bool","url":"boolean.html","level":2,"parentId":"PrimitiveTypes","tabIndex":3},"Char":{"id":"Char","title":"Caracter","url":"char.html","level":2,"parentId":"PrimitiveTypes","tabIndex":4},"String":{"id":"String","title":"String","url":"string.html","level":2,"parentId":"PrimitiveTypes","tabIndex":5},"Var":{"id":"Var","title":"Var","url":"var.html","level":2,"parentId":"PrimitiveTypes","tabIndex":6},"Object":{"id":"Object","title":"Object","url":"object.html","level":2,"parentId":"PrimitiveTypes","tabIndex":7},"Nullable-Types":{"id":"Nullable-Types","title":"Nullable Types","url":"nullable-types.html","level":1,"parentId":"-74jaed_10","tabIndex":2},"Alias":{"id":"Alias","title":"Alias","url":"alias.html","level":1,"parentId":"-74jaed_10","tabIndex":3},"Valores-Padroes":{"id":"Valores-Padroes","title":"Valores Parões","url":"valores-padroes.html","level":1,"parentId":"-74jaed_10","tabIndex":4},"Casting":{"id":"Casting","title":"Casting","url":"casting.html","level":0,"pages":["Implicity-Casting","Explicit-Conversion"],"tabIndex":9},"Implicity-Casting":{"id":"Implicity-Casting","title":"Implicit Casting","url":"implicity-casting.html","level":1,"parentId":"Casting","tabIndex":0},"Explicit-Conversion":{"id":"Explicit-Conversion","title":"Explicit Casting","url":"explicit-conversion.html","level":1,"parentId":"Casting","tabIndex":1},"Parse":{"id":"Parse","title":"Parse","url":"parse.html","level":0,"tabIndex":10},"Convert":{"id":"Convert","title":"Convert","url":"convert.html","level":0,"tabIndex":11},"-74jaed_14":{"id":"-74jaed_14","title":"Operadores","level":0,"pages":["Operadores-Aritmeticos","Operadores-de-Atribuicao","Operadores-de-Comparacao","Operadores-Logicos-e-Condicionais"],"tabIndex":12},"Operadores-Aritmeticos":{"id":"Operadores-Aritmeticos","title":"Operadores Aritméticos","url":"operadores-aritmeticos.html","level":1,"parentId":"-74jaed_14","tabIndex":0},"Operadores-de-Atribuicao":{"id":"Operadores-de-Atribuicao","title":"Operadores de Atribuição","url":"operadores-de-atribuicao.html","level":1,"parentId":"-74jaed_14","tabIndex":1},"Operadores-de-Comparacao":{"id":"Operadores-de-Comparacao","title":"Operadores de Comparação","url":"operadores-de-comparacao.html","level":1,"parentId":"-74jaed_14","tabIndex":2},"Operadores-Logicos-e-Condicionais":{"id":"Operadores-Logicos-e-Condicionais","title":"Operadores Lógicos e Condicionais","url":"operadores-logicos-e-condicionais.html","level":1,"parentId":"-74jaed_14","tabIndex":3},"Condicionais":{"id":"Condicionais","title":"Estruturas Condicionais","url":"condicionais.html","level":0,"tabIndex":13},"-74jaed_16":{"id":"-74jaed_16","title":"Laços de Repetição","level":0,"pages":["For","While","Do-While"],"tabIndex":14},"For":{"id":"For","title":"Laço de Repetição for","url":"for.html","level":1,"parentId":"-74jaed_16","tabIndex":0},"While":{"id":"While","title":"Laço de Repetição while","url":"while.html","level":1,"parentId":"-74jaed_16","tabIndex":1},"Do-While":{"id":"Do-While","title":"Laço de Repetição do-while","url":"do-while.html","level":1,"parentId":"-74jaed_16","tabIndex":2},"-74jaed_17":{"id":"-74jaed_17","title":"Blocos de Função","level":0,"pages":["Functions","Procedures"],"tabIndex":15},"Functions":{"id":"Functions","title":"Funções","url":"functions.html","level":1,"parentId":"-74jaed_17","tabIndex":0},"Procedures":{"id":"Procedures","title":"Procedimentos","url":"procedures.html","level":1,"parentId":"-74jaed_17","tabIndex":1}}},"topLevelIds":["starter-topic","Scope","Namespaces","Using","Variables","Constants","KeyWords","Comments","-74jaed_10","Casting","Parse","Convert","-74jaed_14","Condicionais","-74jaed_16","-74jaed_17"]}