{"entities":{"pages":{"starter-topic":{"id":"starter-topic","title":"About learn-csharp","url":"starter-topic.html","level":0,"tabIndex":0},"Scope":{"id":"Scope","title":"Escopo de um Programa","url":"scope.html","level":0,"tabIndex":1},"Namespaces":{"id":"Namespaces","title":"Namespace","url":"namespaces.html","level":0,"tabIndex":2},"Using":{"id":"Using","title":"Using","url":"using.html","level":0,"tabIndex":3},"Variables":{"id":"Variables","title":"Variables","url":"variables.html","level":0,"tabIndex":4},"Constants":{"id":"Constants","title":"Constantes","url":"constants.html","level":0,"tabIndex":5},"KeyWords":{"id":"KeyWords","title":"Palavras Chaves","url":"keywords.html","level":0,"tabIndex":6},"Comments":{"id":"Comments","title":"Comentários","url":"comments.html","level":0,"tabIndex":7},"-7ky4no_10":{"id":"-7ky4no_10","title":"Tipos","level":0,"pages":["System","PrimitiveTypes","integers"],"tabIndex":8},"System":{"id":"System","title":"System","url":"system.html","level":1,"parentId":"-7ky4no_10","tabIndex":0},"PrimitiveTypes":{"id":"PrimitiveTypes","title":"Tipos Primitivos (Built-in Types)","url":"primitivetypes.html","level":1,"parentId":"-7ky4no_10","pages":["Byte"],"tabIndex":1},"Byte":{"id":"Byte","title":"Byte","url":"byte.html","level":2,"parentId":"PrimitiveTypes","tabIndex":0},"integers":{"id":"integers","title":"Números Inteiros","url":"integers.html","level":1,"parentId":"-7ky4no_10","tabIndex":2}}},"topLevelIds":["starter-topic","Scope","Namespaces","Using","Variables","Constants","KeyWords","Comments","-7ky4no_10"]}