{"entities":{"pages":{"starter-topic":{"id":"starter-topic","title":"Sobre este Repositório","url":"starter-topic.html","level":0,"tabIndex":0},"-fg7o9s_3":{"id":"-fg7o9s_3","title":"Fundamentos","level":0,"pages":["-fg7o9s_6","-fg7o9s_7","-fg7o9s_8","-fg7o9s_9","-fg7o9s_10","Condicionais","-fg7o9s_12","-fg7o9s_13","Structs","Enums","-fg7o9s_16","-fg7o9s_17","Dates","Currency","Arrays","Exceptions","Katas"],"tabIndex":1},"-fg7o9s_6":{"id":"-fg7o9s_6","title":"Forma do programa","level":1,"parentId":"-fg7o9s_3","pages":["Scope","Namespaces","Using","-fg7o9s_26"],"tabIndex":0},"Scope":{"id":"Scope","title":"Escopo","url":"scope.html","level":2,"parentId":"-fg7o9s_6","tabIndex":0},"Namespaces":{"id":"Namespaces","title":"Namespaces","url":"namespaces.html","level":2,"parentId":"-fg7o9s_6","tabIndex":1},"Using":{"id":"Using","title":"A Palavra-Chave using","url":"using.html","level":2,"parentId":"-fg7o9s_6","tabIndex":2},"-fg7o9s_26":{"id":"-fg7o9s_26","title":"Partes Comunais","level":2,"parentId":"-fg7o9s_6","pages":["KeyWords","Comments"],"tabIndex":3},"KeyWords":{"id":"KeyWords","title":"Palavras-Chave (Keywords)","url":"keywords.html","level":3,"parentId":"-fg7o9s_26","tabIndex":0},"Comments":{"id":"Comments","title":"Comentários","url":"comments.html","level":3,"parentId":"-fg7o9s_26","tabIndex":1},"-fg7o9s_7":{"id":"-fg7o9s_7","title":"Tipos de variaveis","level":1,"parentId":"-fg7o9s_3","pages":["Variables","Constants"],"tabIndex":1},"Variables":{"id":"Variables","title":"Variáveis","url":"variables.html","level":2,"parentId":"-fg7o9s_7","tabIndex":0},"Constants":{"id":"Constants","title":"Constantes","url":"constants.html","level":2,"parentId":"-fg7o9s_7","tabIndex":1},"-fg7o9s_8":{"id":"-fg7o9s_8","title":"Tipos","level":1,"parentId":"-fg7o9s_3","pages":["System","PrimitiveTypes","Nullable-Types","Valores-Padroes","Alias"],"tabIndex":2},"System":{"id":"System","title":"System","url":"system.html","level":2,"parentId":"-fg7o9s_8","tabIndex":0},"PrimitiveTypes":{"id":"PrimitiveTypes","title":"Tipos Primitivos (Built-in Types)","url":"primitivetypes.html","level":2,"parentId":"-fg7o9s_8","pages":["Byte","integers","Real-Numbers","Boolean","Char","String","Var","Object"],"tabIndex":1},"Byte":{"id":"Byte","title":"Byte","url":"byte.html","level":3,"parentId":"PrimitiveTypes","tabIndex":0},"integers":{"id":"integers","title":"Números Inteiros","url":"integers.html","level":3,"parentId":"PrimitiveTypes","tabIndex":1},"Real-Numbers":{"id":"Real-Numbers","title":"Números Reais","url":"real-numbers.html","level":3,"parentId":"PrimitiveTypes","tabIndex":2},"Boolean":{"id":"Boolean","title":"Bool","url":"boolean.html","level":3,"parentId":"PrimitiveTypes","tabIndex":3},"Char":{"id":"Char","title":"Caracter","url":"char.html","level":3,"parentId":"PrimitiveTypes","tabIndex":4},"String":{"id":"String","title":"String","url":"string.html","level":3,"parentId":"PrimitiveTypes","tabIndex":5},"Var":{"id":"Var","title":"Var","url":"var.html","level":3,"parentId":"PrimitiveTypes","tabIndex":6},"Object":{"id":"Object","title":"Object","url":"object.html","level":3,"parentId":"PrimitiveTypes","tabIndex":7},"Nullable-Types":{"id":"Nullable-Types","title":"Nullable Types","url":"nullable-types.html","level":2,"parentId":"-fg7o9s_8","tabIndex":2},"Valores-Padroes":{"id":"Valores-Padroes","title":"Valores Parões","url":"valores-padroes.html","level":2,"parentId":"-fg7o9s_8","tabIndex":3},"Alias":{"id":"Alias","title":"Alias","url":"alias.html","level":2,"parentId":"-fg7o9s_8","tabIndex":4},"-fg7o9s_9":{"id":"-fg7o9s_9","title":"Conversões","level":1,"parentId":"-fg7o9s_3","pages":["Casting","Parse","Convert"],"tabIndex":3},"Casting":{"id":"Casting","title":"Casting","url":"casting.html","level":2,"parentId":"-fg7o9s_9","pages":["Implicity-Casting","Explicit-Conversion"],"tabIndex":0},"Implicity-Casting":{"id":"Implicity-Casting","title":"Implicit Casting","url":"implicity-casting.html","level":3,"parentId":"Casting","tabIndex":0},"Explicit-Conversion":{"id":"Explicit-Conversion","title":"Explicit Casting","url":"explicit-conversion.html","level":3,"parentId":"Casting","tabIndex":1},"Parse":{"id":"Parse","title":"Parse","url":"parse.html","level":2,"parentId":"-fg7o9s_9","tabIndex":1},"Convert":{"id":"Convert","title":"Convert","url":"convert.html","level":2,"parentId":"-fg7o9s_9","tabIndex":2},"-fg7o9s_10":{"id":"-fg7o9s_10","title":"Operadores","level":1,"parentId":"-fg7o9s_3","pages":["Operadores-Aritmeticos","Operadores-de-Atribuicao","Operadores-de-Comparacao","Operadores-Logicos-e-Condicionais"],"tabIndex":4},"Operadores-Aritmeticos":{"id":"Operadores-Aritmeticos","title":"Operadores Aritméticos","url":"operadores-aritmeticos.html","level":2,"parentId":"-fg7o9s_10","tabIndex":0},"Operadores-de-Atribuicao":{"id":"Operadores-de-Atribuicao","title":"Operadores de Atribuição","url":"operadores-de-atribuicao.html","level":2,"parentId":"-fg7o9s_10","tabIndex":1},"Operadores-de-Comparacao":{"id":"Operadores-de-Comparacao","title":"Operadores de Comparação","url":"operadores-de-comparacao.html","level":2,"parentId":"-fg7o9s_10","tabIndex":2},"Operadores-Logicos-e-Condicionais":{"id":"Operadores-Logicos-e-Condicionais","title":"Operadores Lógicos e Condicionais","url":"operadores-logicos-e-condicionais.html","level":2,"parentId":"-fg7o9s_10","tabIndex":3},"Condicionais":{"id":"Condicionais","title":"Estruturas Condicionais","url":"condicionais.html","level":1,"parentId":"-fg7o9s_3","tabIndex":5},"-fg7o9s_12":{"id":"-fg7o9s_12","title":"Laços de Repetição","level":1,"parentId":"-fg7o9s_3","pages":["For","While","Do-While"],"tabIndex":6},"For":{"id":"For","title":"Laço de Repetição for","url":"for.html","level":2,"parentId":"-fg7o9s_12","tabIndex":0},"While":{"id":"While","title":"Laço de Repetição while","url":"while.html","level":2,"parentId":"-fg7o9s_12","tabIndex":1},"Do-While":{"id":"Do-While","title":"Laço de Repetição do-while","url":"do-while.html","level":2,"parentId":"-fg7o9s_12","tabIndex":2},"-fg7o9s_13":{"id":"-fg7o9s_13","title":"Blocos de Função","level":1,"parentId":"-fg7o9s_3","pages":["Functions","Procedures"],"tabIndex":7},"Functions":{"id":"Functions","title":"Funções (Métodos com Retorno)","url":"functions.html","level":2,"parentId":"-fg7o9s_13","tabIndex":0},"Procedures":{"id":"Procedures","title":"Procedimentos","url":"procedures.html","level":2,"parentId":"-fg7o9s_13","tabIndex":1},"Structs":{"id":"Structs","title":"Structs","url":"structs.html","level":1,"parentId":"-fg7o9s_3","tabIndex":8},"Enums":{"id":"Enums","title":"Enums","url":"enums.html","level":1,"parentId":"-fg7o9s_3","tabIndex":9},"-fg7o9s_16":{"id":"-fg7o9s_16","title":"Tipos de Valor","level":1,"parentId":"-fg7o9s_3","pages":["Heap-and-Stack","Value-Types","Reference-Types"],"tabIndex":10},"Heap-and-Stack":{"id":"Heap-and-Stack","title":"Stack vs. Heap: Gerenciamento de Memória em C#","url":"heap-and-stack.html","level":2,"parentId":"-fg7o9s_16","tabIndex":0},"Value-Types":{"id":"Value-Types","title":"Tipos de Valor (Value Types)","url":"value-types.html","level":2,"parentId":"-fg7o9s_16","tabIndex":1},"Reference-Types":{"id":"Reference-Types","title":"Tipos de Referência (Reference Types)","url":"reference-types.html","level":2,"parentId":"-fg7o9s_16","tabIndex":2},"-fg7o9s_17":{"id":"-fg7o9s_17","title":"Strings","level":1,"parentId":"-fg7o9s_3","pages":["GUIDs","Interpolation","Compare","Deternmine-Starts-and-End","Index","Another","Manipulate-String","String-Builder"],"tabIndex":11},"GUIDs":{"id":"GUIDs","title":"GUIDs","url":"guids.html","level":2,"parentId":"-fg7o9s_17","tabIndex":0},"Interpolation":{"id":"Interpolation","title":"Interpolação de Strings","url":"interpolation.html","level":2,"parentId":"-fg7o9s_17","tabIndex":1},"Compare":{"id":"Compare","title":"Comparar Strings","url":"compare.html","level":2,"parentId":"-fg7o9s_17","tabIndex":2},"Deternmine-Starts-and-End":{"id":"Deternmine-Starts-and-End","title":"Início e Fim de Strings","url":"deternmine-starts-and-end.html","level":2,"parentId":"-fg7o9s_17","tabIndex":3},"Index":{"id":"Index","title":"Índices em Strings","url":"index_md.html","level":2,"parentId":"-fg7o9s_17","tabIndex":4},"Another":{"id":"Another","title":"Outros Métodos","url":"another.html","level":2,"parentId":"-fg7o9s_17","tabIndex":5},"Manipulate-String":{"id":"Manipulate-String","title":"Manipulando Strings: Formatação e Validação Adicional","url":"manipulate-string.html","level":2,"parentId":"-fg7o9s_17","pages":["Advanced-String-Manipulation","More-String-Methods"],"tabIndex":6},"Advanced-String-Manipulation":{"id":"Advanced-String-Manipulation","title":"Manipulação Avançada de Strings no C#","url":"advanced-string-manipulation.html","level":3,"parentId":"Manipulate-String","tabIndex":0},"More-String-Methods":{"id":"More-String-Methods","title":"Mais Métodos e Conceitos","url":"more-string-methods.html","level":3,"parentId":"Manipulate-String","tabIndex":1},"String-Builder":{"id":"String-Builder","title":"StringBuilder: Construindo Strings de Forma Eficiente no C#","url":"string-builder.html","level":2,"parentId":"-fg7o9s_17","tabIndex":7},"Dates":{"id":"Dates","title":"Datas","url":"dates.html","level":1,"parentId":"-fg7o9s_3","tabIndex":12},"Currency":{"id":"Currency","title":"Valores Monetários","url":"currency.html","level":1,"parentId":"-fg7o9s_3","tabIndex":13},"Arrays":{"id":"Arrays","title":"Arrays","url":"arrays.html","level":1,"parentId":"-fg7o9s_3","pages":["Some-Methods","Manipulatin-Values","Iteration","ForEach"],"tabIndex":14},"Some-Methods":{"id":"Some-Methods","title":"Propriedades e Métodos Essenciais de Arrays","url":"some-methods.html","level":2,"parentId":"Arrays","tabIndex":0},"Manipulatin-Values":{"id":"Manipulatin-Values","title":"Manipulando Valores em Arrays","url":"manipulatin-values.html","level":2,"parentId":"Arrays","tabIndex":1},"Iteration":{"id":"Iteration","title":"Percorrendo Arrays (Iteração)","url":"iteration.html","level":2,"parentId":"Arrays","tabIndex":2},"ForEach":{"id":"ForEach","title":"O Laço foreach: A Forma Simples de Iterar","url":"foreach.html","level":2,"parentId":"Arrays","tabIndex":3},"Exceptions":{"id":"Exceptions","title":"Exceções em C#","url":"exceptions.html","level":1,"parentId":"-fg7o9s_3","pages":["HandleExceptions","TryCatchStatement","ThrowExceptions","CustoExceptions"],"tabIndex":15},"HandleExceptions":{"id":"HandleExceptions","title":"Tratamento de Exceções","url":"handleexceptions.html","level":2,"parentId":"Exceptions","tabIndex":0},"TryCatchStatement":{"id":"TryCatchStatement","title":"A Estrutura try-catch","url":"trycatchstatement.html","level":2,"parentId":"Exceptions","tabIndex":1},"ThrowExceptions":{"id":"ThrowExceptions","title":"Lançando Exceções (Throwing Exceptions)","url":"throwexceptions.html","level":2,"parentId":"Exceptions","tabIndex":2},"CustoExceptions":{"id":"CustoExceptions","title":"Exceções Personalizadas (Custom Exceptions)","url":"custoexceptions.html","level":2,"parentId":"Exceptions","tabIndex":3},"Katas":{"id":"Katas","title":"Katas","url":"katas.html","level":1,"parentId":"-fg7o9s_3","pages":["Kata-TextEditor","Kata-Conversor","Kata-Calculator"],"tabIndex":16},"Kata-TextEditor":{"id":"Kata-TextEditor","title":"Kata - Editor de Texto Simples de Console","url":"kata-texteditor.html","level":2,"parentId":"Katas","tabIndex":0},"Kata-Conversor":{"id":"Kata-Conversor","title":"Kata - Conversor de Tipos via Linha de Comando","url":"kata-conversor.html","level":2,"parentId":"Katas","tabIndex":1},"Kata-Calculator":{"id":"Kata-Calculator","title":"Kata - Calculadora em C#","url":"kata-calculator.html","level":2,"parentId":"Katas","tabIndex":2},"OPP":{"id":"OPP","title":"Programação Orientada a Objetos (POO)","url":"opp.html","level":0,"pages":["ObjectOOP","Class","Encapsulamento","Abstracai","Inherirance"],"tabIndex":2},"ObjectOOP":{"id":"ObjectOOP","title":"O que é um Objeto?","url":"objectoop.html","level":1,"parentId":"OPP","tabIndex":0},"Class":{"id":"Class","title":"Class","url":"class.html","level":1,"parentId":"OPP","tabIndex":1},"Encapsulamento":{"id":"Encapsulamento","title":"Encapsulamento","url":"encapsulamento.html","level":1,"parentId":"OPP","tabIndex":2},"Abstracai":{"id":"Abstracai","title":"Abstração","url":"abstracai.html","level":1,"parentId":"OPP","tabIndex":3},"Inherirance":{"id":"Inherirance","title":"Inherirance","url":"inherirance.html","level":1,"parentId":"OPP","tabIndex":4},"References":{"id":"References","title":"References","url":"references.html","level":0,"tabIndex":3}}},"topLevelIds":["starter-topic","-fg7o9s_3","OPP","References"]}