{"entities":{"pages":{"starter-topic":{"id":"starter-topic","title":"About learn-csharp","url":"starter-topic.html","level":0,"tabIndex":0},"Scope":{"id":"Scope","title":"Escopo de um Programa","url":"scope.html","level":0,"tabIndex":1},"Namespaces":{"id":"Namespaces","title":"Namespace","url":"namespaces.html","level":0,"tabIndex":2},"Using":{"id":"Using","title":"Using","url":"using.html","level":0,"tabIndex":3},"Variables":{"id":"Variables","title":"Variables","url":"variables.html","level":0,"tabIndex":4},"Constants":{"id":"Constants","title":"Constantes","url":"constants.html","level":0,"tabIndex":5},"KeyWords":{"id":"KeyWords","title":"Palavras Chaves","url":"keywords.html","level":0,"tabIndex":6},"Comments":{"id":"Comments","title":"Comentários","url":"comments.html","level":0,"tabIndex":7},"-q8zv6l_10":{"id":"-q8zv6l_10","title":"Tipos","level":0,"pages":["System","PrimitiveTypes"],"tabIndex":8},"System":{"id":"System","title":"System","url":"system.html","level":1,"parentId":"-q8zv6l_10","tabIndex":0},"PrimitiveTypes":{"id":"PrimitiveTypes","title":"Tipos Primitivos (Built-in Types)","url":"primitivetypes.html","level":1,"parentId":"-q8zv6l_10","pages":["Byte","integers","Real-Numbers","Boolean","Char","String","Var","Object"],"tabIndex":1},"Byte":{"id":"Byte","title":"Byte","url":"byte.html","level":2,"parentId":"PrimitiveTypes","tabIndex":0},"integers":{"id":"integers","title":"Números Inteiros","url":"integers.html","level":2,"parentId":"PrimitiveTypes","tabIndex":1},"Real-Numbers":{"id":"Real-Numbers","title":"Números Reais","url":"real-numbers.html","level":2,"parentId":"PrimitiveTypes","tabIndex":2},"Boolean":{"id":"Boolean","title":"Bool","url":"boolean.html","level":2,"parentId":"PrimitiveTypes","tabIndex":3},"Char":{"id":"Char","title":"Caracter","url":"char.html","level":2,"parentId":"PrimitiveTypes","tabIndex":4},"String":{"id":"String","title":"String","url":"string.html","level":2,"parentId":"PrimitiveTypes","tabIndex":5},"Var":{"id":"Var","title":"Var","url":"var.html","level":2,"parentId":"PrimitiveTypes","tabIndex":6},"Object":{"id":"Object","title":"Object","url":"object.html","level":2,"parentId":"PrimitiveTypes","tabIndex":7},"Alias":{"id":"Alias","title":"Alias","url":"alias.html","level":0,"tabIndex":9},"Nullable-Types":{"id":"Nullable-Types","title":"Nullable Types","url":"nullable-types.html","level":0,"tabIndex":10}}},"topLevelIds":["starter-topic","Scope","Namespaces","Using","Variables","Constants","KeyWords","Comments","-q8zv6l_10","Alias","Nullable-Types"]}