{"entities":{"pages":{"starter-topic":{"id":"starter-topic","title":"Sobre este Repositório","url":"starter-topic.html","level":0,"tabIndex":0},"-m03o1l_3":{"id":"-m03o1l_3","title":"Fundamentos","level":0,"pages":["Scope","Namespaces","Using","Variables","Constants","KeyWords","Comments","-m03o1l_12","Casting","Parse","Convert","-m03o1l_16","Condicionais","-m03o1l_18","-m03o1l_19","-m03o1l_20","Structs","Enums"],"tabIndex":1},"Scope":{"id":"Scope","title":"Escopo","url":"scope.html","level":1,"parentId":"-m03o1l_3","tabIndex":0},"Namespaces":{"id":"Namespaces","title":"Namespaces","url":"namespaces.html","level":1,"parentId":"-m03o1l_3","tabIndex":1},"Using":{"id":"Using","title":"A Palavra-Chave using","url":"using.html","level":1,"parentId":"-m03o1l_3","tabIndex":2},"Variables":{"id":"Variables","title":"Variáveis","url":"variables.html","level":1,"parentId":"-m03o1l_3","tabIndex":3},"Constants":{"id":"Constants","title":"Constantes","url":"constants.html","level":1,"parentId":"-m03o1l_3","tabIndex":4},"KeyWords":{"id":"KeyWords","title":"Palavras-Chave (Keywords)","url":"keywords.html","level":1,"parentId":"-m03o1l_3","tabIndex":5},"Comments":{"id":"Comments","title":"Comentários","url":"comments.html","level":1,"parentId":"-m03o1l_3","tabIndex":6},"-m03o1l_12":{"id":"-m03o1l_12","title":"Tipos","level":1,"parentId":"-m03o1l_3","pages":["System","PrimitiveTypes","Nullable-Types","Alias","Valores-Padroes"],"tabIndex":7},"System":{"id":"System","title":"System","url":"system.html","level":2,"parentId":"-m03o1l_12","tabIndex":0},"PrimitiveTypes":{"id":"PrimitiveTypes","title":"Tipos Primitivos (Built-in Types)","url":"primitivetypes.html","level":2,"parentId":"-m03o1l_12","pages":["Byte","integers","Real-Numbers","Boolean","Char","String","Var","Object"],"tabIndex":1},"Byte":{"id":"Byte","title":"Byte","url":"byte.html","level":3,"parentId":"PrimitiveTypes","tabIndex":0},"integers":{"id":"integers","title":"Números Inteiros","url":"integers.html","level":3,"parentId":"PrimitiveTypes","tabIndex":1},"Real-Numbers":{"id":"Real-Numbers","title":"Números Reais","url":"real-numbers.html","level":3,"parentId":"PrimitiveTypes","tabIndex":2},"Boolean":{"id":"Boolean","title":"Bool","url":"boolean.html","level":3,"parentId":"PrimitiveTypes","tabIndex":3},"Char":{"id":"Char","title":"Caracter","url":"char.html","level":3,"parentId":"PrimitiveTypes","tabIndex":4},"String":{"id":"String","title":"String","url":"string.html","level":3,"parentId":"PrimitiveTypes","tabIndex":5},"Var":{"id":"Var","title":"Var","url":"var.html","level":3,"parentId":"PrimitiveTypes","tabIndex":6},"Object":{"id":"Object","title":"Object","url":"object.html","level":3,"parentId":"PrimitiveTypes","tabIndex":7},"Nullable-Types":{"id":"Nullable-Types","title":"Nullable Types","url":"nullable-types.html","level":2,"parentId":"-m03o1l_12","tabIndex":2},"Alias":{"id":"Alias","title":"Alias","url":"alias.html","level":2,"parentId":"-m03o1l_12","tabIndex":3},"Valores-Padroes":{"id":"Valores-Padroes","title":"Valores Parões","url":"valores-padroes.html","level":2,"parentId":"-m03o1l_12","tabIndex":4},"Casting":{"id":"Casting","title":"Casting","url":"casting.html","level":1,"parentId":"-m03o1l_3","pages":["Implicity-Casting","Explicit-Conversion"],"tabIndex":8},"Implicity-Casting":{"id":"Implicity-Casting","title":"Implicit Casting","url":"implicity-casting.html","level":2,"parentId":"Casting","tabIndex":0},"Explicit-Conversion":{"id":"Explicit-Conversion","title":"Explicit Casting","url":"explicit-conversion.html","level":2,"parentId":"Casting","tabIndex":1},"Parse":{"id":"Parse","title":"Parse","url":"parse.html","level":1,"parentId":"-m03o1l_3","tabIndex":9},"Convert":{"id":"Convert","title":"Convert","url":"convert.html","level":1,"parentId":"-m03o1l_3","tabIndex":10},"-m03o1l_16":{"id":"-m03o1l_16","title":"Operadores","level":1,"parentId":"-m03o1l_3","pages":["Operadores-Aritmeticos","Operadores-de-Atribuicao","Operadores-de-Comparacao","Operadores-Logicos-e-Condicionais"],"tabIndex":11},"Operadores-Aritmeticos":{"id":"Operadores-Aritmeticos","title":"Operadores Aritméticos","url":"operadores-aritmeticos.html","level":2,"parentId":"-m03o1l_16","tabIndex":0},"Operadores-de-Atribuicao":{"id":"Operadores-de-Atribuicao","title":"Operadores de Atribuição","url":"operadores-de-atribuicao.html","level":2,"parentId":"-m03o1l_16","tabIndex":1},"Operadores-de-Comparacao":{"id":"Operadores-de-Comparacao","title":"Operadores de Comparação","url":"operadores-de-comparacao.html","level":2,"parentId":"-m03o1l_16","tabIndex":2},"Operadores-Logicos-e-Condicionais":{"id":"Operadores-Logicos-e-Condicionais","title":"Operadores Lógicos e Condicionais","url":"operadores-logicos-e-condicionais.html","level":2,"parentId":"-m03o1l_16","tabIndex":3},"Condicionais":{"id":"Condicionais","title":"Estruturas Condicionais","url":"condicionais.html","level":1,"parentId":"-m03o1l_3","tabIndex":12},"-m03o1l_18":{"id":"-m03o1l_18","title":"Laços de Repetição","level":1,"parentId":"-m03o1l_3","pages":["For","While","Do-While"],"tabIndex":13},"For":{"id":"For","title":"Laço de Repetição for","url":"for.html","level":2,"parentId":"-m03o1l_18","tabIndex":0},"While":{"id":"While","title":"Laço de Repetição while","url":"while.html","level":2,"parentId":"-m03o1l_18","tabIndex":1},"Do-While":{"id":"Do-While","title":"Laço de Repetição do-while","url":"do-while.html","level":2,"parentId":"-m03o1l_18","tabIndex":2},"-m03o1l_19":{"id":"-m03o1l_19","title":"Blocos de Função","level":1,"parentId":"-m03o1l_3","pages":["Functions","Procedures"],"tabIndex":14},"Functions":{"id":"Functions","title":"Funções (Métodos com Retorno)","url":"functions.html","level":2,"parentId":"-m03o1l_19","tabIndex":0},"Procedures":{"id":"Procedures","title":"Procedimentos","url":"procedures.html","level":2,"parentId":"-m03o1l_19","tabIndex":1},"-m03o1l_20":{"id":"-m03o1l_20","title":"Tipos de Valor","level":1,"parentId":"-m03o1l_3","pages":["Heap-and-Stack","Value-Types","Reference-Types"],"tabIndex":15},"Heap-and-Stack":{"id":"Heap-and-Stack","title":"Stack vs. Heap: Gerenciamento de Memória em C#","url":"heap-and-stack.html","level":2,"parentId":"-m03o1l_20","tabIndex":0},"Value-Types":{"id":"Value-Types","title":"Tipos de Valor (Value Types)","url":"value-types.html","level":2,"parentId":"-m03o1l_20","tabIndex":1},"Reference-Types":{"id":"Reference-Types","title":"Tipos de Referência (Reference Types)","url":"reference-types.html","level":2,"parentId":"-m03o1l_20","tabIndex":2},"Structs":{"id":"Structs","title":"Structs","url":"structs.html","level":1,"parentId":"-m03o1l_3","tabIndex":16},"Enums":{"id":"Enums","title":"Enums","url":"enums.html","level":1,"parentId":"-m03o1l_3","tabIndex":17},"References":{"id":"References","title":"References","url":"references.html","level":0,"tabIndex":2}}},"topLevelIds":["starter-topic","-m03o1l_3","References"]}