{"entities":{"pages":{"starter-topic":{"id":"starter-topic","title":"Sobre este Repositório","url":"starter-topic.html","level":0,"tabIndex":0},"-eg72h_3":{"id":"-eg72h_3","title":"Fundamentos","level":0,"pages":["-eg72h_5","-eg72h_6","-eg72h_7","-eg72h_8","-eg72h_9","Condicionais","-eg72h_11","-eg72h_12","Structs","Enums","-eg72h_15","-eg72h_16","-eg72h_17"],"tabIndex":1},"-eg72h_5":{"id":"-eg72h_5","title":"Forma do programa","level":1,"parentId":"-eg72h_3","pages":["Scope","Namespaces","Using","-eg72h_21"],"tabIndex":0},"Scope":{"id":"Scope","title":"Escopo","url":"scope.html","level":2,"parentId":"-eg72h_5","tabIndex":0},"Namespaces":{"id":"Namespaces","title":"Namespaces","url":"namespaces.html","level":2,"parentId":"-eg72h_5","tabIndex":1},"Using":{"id":"Using","title":"A Palavra-Chave using","url":"using.html","level":2,"parentId":"-eg72h_5","tabIndex":2},"-eg72h_21":{"id":"-eg72h_21","title":"Partes Comunais","level":2,"parentId":"-eg72h_5","pages":["KeyWords","Comments"],"tabIndex":3},"KeyWords":{"id":"KeyWords","title":"Palavras-Chave (Keywords)","url":"keywords.html","level":3,"parentId":"-eg72h_21","tabIndex":0},"Comments":{"id":"Comments","title":"Comentários","url":"comments.html","level":3,"parentId":"-eg72h_21","tabIndex":1},"-eg72h_6":{"id":"-eg72h_6","title":"Tipos de variaveis","level":1,"parentId":"-eg72h_3","pages":["Variables","Constants"],"tabIndex":1},"Variables":{"id":"Variables","title":"Variáveis","url":"variables.html","level":2,"parentId":"-eg72h_6","tabIndex":0},"Constants":{"id":"Constants","title":"Constantes","url":"constants.html","level":2,"parentId":"-eg72h_6","tabIndex":1},"-eg72h_7":{"id":"-eg72h_7","title":"Tipos","level":1,"parentId":"-eg72h_3","pages":["System","PrimitiveTypes","Nullable-Types","Valores-Padroes","Alias"],"tabIndex":2},"System":{"id":"System","title":"System","url":"system.html","level":2,"parentId":"-eg72h_7","tabIndex":0},"PrimitiveTypes":{"id":"PrimitiveTypes","title":"Tipos Primitivos (Built-in Types)","url":"primitivetypes.html","level":2,"parentId":"-eg72h_7","pages":["Byte","integers","Real-Numbers","Boolean","Char","String","Var","Object"],"tabIndex":1},"Byte":{"id":"Byte","title":"Byte","url":"byte.html","level":3,"parentId":"PrimitiveTypes","tabIndex":0},"integers":{"id":"integers","title":"Números Inteiros","url":"integers.html","level":3,"parentId":"PrimitiveTypes","tabIndex":1},"Real-Numbers":{"id":"Real-Numbers","title":"Números Reais","url":"real-numbers.html","level":3,"parentId":"PrimitiveTypes","tabIndex":2},"Boolean":{"id":"Boolean","title":"Bool","url":"boolean.html","level":3,"parentId":"PrimitiveTypes","tabIndex":3},"Char":{"id":"Char","title":"Caracter","url":"char.html","level":3,"parentId":"PrimitiveTypes","tabIndex":4},"String":{"id":"String","title":"String","url":"string.html","level":3,"parentId":"PrimitiveTypes","tabIndex":5},"Var":{"id":"Var","title":"Var","url":"var.html","level":3,"parentId":"PrimitiveTypes","tabIndex":6},"Object":{"id":"Object","title":"Object","url":"object.html","level":3,"parentId":"PrimitiveTypes","tabIndex":7},"Nullable-Types":{"id":"Nullable-Types","title":"Nullable Types","url":"nullable-types.html","level":2,"parentId":"-eg72h_7","tabIndex":2},"Valores-Padroes":{"id":"Valores-Padroes","title":"Valores Parões","url":"valores-padroes.html","level":2,"parentId":"-eg72h_7","tabIndex":3},"Alias":{"id":"Alias","title":"Alias","url":"alias.html","level":2,"parentId":"-eg72h_7","tabIndex":4},"-eg72h_8":{"id":"-eg72h_8","title":"Conversões","level":1,"parentId":"-eg72h_3","pages":["Casting","Parse","Convert"],"tabIndex":3},"Casting":{"id":"Casting","title":"Casting","url":"casting.html","level":2,"parentId":"-eg72h_8","pages":["Implicity-Casting","Explicit-Conversion"],"tabIndex":0},"Implicity-Casting":{"id":"Implicity-Casting","title":"Implicit Casting","url":"implicity-casting.html","level":3,"parentId":"Casting","tabIndex":0},"Explicit-Conversion":{"id":"Explicit-Conversion","title":"Explicit Casting","url":"explicit-conversion.html","level":3,"parentId":"Casting","tabIndex":1},"Parse":{"id":"Parse","title":"Parse","url":"parse.html","level":2,"parentId":"-eg72h_8","tabIndex":1},"Convert":{"id":"Convert","title":"Convert","url":"convert.html","level":2,"parentId":"-eg72h_8","tabIndex":2},"-eg72h_9":{"id":"-eg72h_9","title":"Operadores","level":1,"parentId":"-eg72h_3","pages":["Operadores-Aritmeticos","Operadores-de-Atribuicao","Operadores-de-Comparacao","Operadores-Logicos-e-Condicionais"],"tabIndex":4},"Operadores-Aritmeticos":{"id":"Operadores-Aritmeticos","title":"Operadores Aritméticos","url":"operadores-aritmeticos.html","level":2,"parentId":"-eg72h_9","tabIndex":0},"Operadores-de-Atribuicao":{"id":"Operadores-de-Atribuicao","title":"Operadores de Atribuição","url":"operadores-de-atribuicao.html","level":2,"parentId":"-eg72h_9","tabIndex":1},"Operadores-de-Comparacao":{"id":"Operadores-de-Comparacao","title":"Operadores de Comparação","url":"operadores-de-comparacao.html","level":2,"parentId":"-eg72h_9","tabIndex":2},"Operadores-Logicos-e-Condicionais":{"id":"Operadores-Logicos-e-Condicionais","title":"Operadores Lógicos e Condicionais","url":"operadores-logicos-e-condicionais.html","level":2,"parentId":"-eg72h_9","tabIndex":3},"Condicionais":{"id":"Condicionais","title":"Estruturas Condicionais","url":"condicionais.html","level":1,"parentId":"-eg72h_3","tabIndex":5},"-eg72h_11":{"id":"-eg72h_11","title":"Laços de Repetição","level":1,"parentId":"-eg72h_3","pages":["For","While","Do-While"],"tabIndex":6},"For":{"id":"For","title":"Laço de Repetição for","url":"for.html","level":2,"parentId":"-eg72h_11","tabIndex":0},"While":{"id":"While","title":"Laço de Repetição while","url":"while.html","level":2,"parentId":"-eg72h_11","tabIndex":1},"Do-While":{"id":"Do-While","title":"Laço de Repetição do-while","url":"do-while.html","level":2,"parentId":"-eg72h_11","tabIndex":2},"-eg72h_12":{"id":"-eg72h_12","title":"Blocos de Função","level":1,"parentId":"-eg72h_3","pages":["Functions","Procedures"],"tabIndex":7},"Functions":{"id":"Functions","title":"Funções (Métodos com Retorno)","url":"functions.html","level":2,"parentId":"-eg72h_12","tabIndex":0},"Procedures":{"id":"Procedures","title":"Procedimentos","url":"procedures.html","level":2,"parentId":"-eg72h_12","tabIndex":1},"Structs":{"id":"Structs","title":"Structs","url":"structs.html","level":1,"parentId":"-eg72h_3","tabIndex":8},"Enums":{"id":"Enums","title":"Enums","url":"enums.html","level":1,"parentId":"-eg72h_3","tabIndex":9},"-eg72h_15":{"id":"-eg72h_15","title":"Tipos de Valor","level":1,"parentId":"-eg72h_3","pages":["Heap-and-Stack","Value-Types","Reference-Types"],"tabIndex":10},"Heap-and-Stack":{"id":"Heap-and-Stack","title":"Stack vs. Heap: Gerenciamento de Memória em C#","url":"heap-and-stack.html","level":2,"parentId":"-eg72h_15","tabIndex":0},"Value-Types":{"id":"Value-Types","title":"Tipos de Valor (Value Types)","url":"value-types.html","level":2,"parentId":"-eg72h_15","tabIndex":1},"Reference-Types":{"id":"Reference-Types","title":"Tipos de Referência (Reference Types)","url":"reference-types.html","level":2,"parentId":"-eg72h_15","tabIndex":2},"-eg72h_16":{"id":"-eg72h_16","title":"Strings","level":1,"parentId":"-eg72h_3","pages":["GUIDs","Interpolation","Compare","Deternmine-Starts-and-End","Index","Another"],"tabIndex":11},"GUIDs":{"id":"GUIDs","title":"GUIDs","url":"guids.html","level":2,"parentId":"-eg72h_16","tabIndex":0},"Interpolation":{"id":"Interpolation","title":"Interpolação de Strings","url":"interpolation.html","level":2,"parentId":"-eg72h_16","tabIndex":1},"Compare":{"id":"Compare","title":"Comparar Strings","url":"compare.html","level":2,"parentId":"-eg72h_16","tabIndex":2},"Deternmine-Starts-and-End":{"id":"Deternmine-Starts-and-End","title":"Início e Fim de Strings","url":"deternmine-starts-and-end.html","level":2,"parentId":"-eg72h_16","tabIndex":3},"Index":{"id":"Index","title":"Índices em Strings","url":"index_md.html","level":2,"parentId":"-eg72h_16","tabIndex":4},"Another":{"id":"Another","title":"Outros Métodos","url":"another.html","level":2,"parentId":"-eg72h_16","tabIndex":5},"-eg72h_17":{"id":"-eg72h_17","title":"Katas","level":1,"parentId":"-eg72h_3","pages":["Kata-Calculator","Kata-Conversor","Kata-TextEditor"],"tabIndex":12},"Kata-Calculator":{"id":"Kata-Calculator","title":"Kata - Calculadora em C#","url":"kata-calculator.html","level":2,"parentId":"-eg72h_17","tabIndex":0},"Kata-Conversor":{"id":"Kata-Conversor","title":"Kata - Conversor de Tipos via Linha de Comando","url":"kata-conversor.html","level":2,"parentId":"-eg72h_17","tabIndex":1},"Kata-TextEditor":{"id":"Kata-TextEditor","title":"Kata - Editor de Texto Simples de Console","url":"kata-texteditor.html","level":2,"parentId":"-eg72h_17","tabIndex":2},"References":{"id":"References","title":"References","url":"references.html","level":0,"tabIndex":2}}},"topLevelIds":["starter-topic","-eg72h_3","References"]}